{"cameraMode":{"drawMode":0,"name":"Shaded","section":"Shading Mode"},"sceneLighting":true,"audioPlay":false,"sceneViewState":{"showFog":true,"showMaterialUpdate":false,"showSkybox":true,"showFlares":true,"showImageEffects":true,"showParticleSystems":true},"in2DMode":false,"pivot":{"x":-3.752741813659668,"y":29.384788513183595,"z":-37.82347869873047},"rotation":{"x":-0.4801951050758362,"y":-0.03497723862528801,"z":0.019180381670594217,"w":-0.8762616515159607},"size":12.036157608032227,"orthographic":false}