{"cameraMode":{"drawMode":0,"name":"Shaded","section":"Shading Mode"},"sceneLighting":true,"audioPlay":false,"sceneViewState":{"showFog":true,"showMaterialUpdate":false,"showSkybox":true,"showFlares":true,"showImageEffects":true,"showParticleSystems":true},"in2DMode":false,"pivot":{"x":1.461258888244629,"y":0.3230404853820801,"z":-70.34078216552735},"rotation":{"x":-0.12744726240634919,"y":0.01547214575111866,"z":-0.001978113315999508,"w":-0.9917287230491638},"size":22.0,"orthographic":false}