{"cameraMode":{"drawMode":0,"name":"Shaded","section":"Shading Mode"},"sceneLighting":false,"audioPlay":false,"sceneViewState":{"showFog":true,"showMaterialUpdate":false,"showSkybox":false,"showFlares":true,"showImageEffects":true,"showParticleSystems":true},"in2DMode":false,"pivot":{"x":-2.9561967849731447,"y":-1.7966828346252442,"z":-72.23999786376953},"rotation":{"x":-0.2116439938545227,"y":0.6763359308242798,"z":-0.21277861297130586,"w":-0.6726903915405273},"size":14.289420127868653,"orthographic":false}