{"cameraMode":{"drawMode":0,"name":"Shaded","section":"Shading Mode"},"sceneLighting":true,"audioPlay":false,"sceneViewState":{"showFog":true,"showMaterialUpdate":false,"showSkybox":true,"showFlares":true,"showImageEffects":true,"showParticleSystems":true},"in2DMode":false,"pivot":{"x":0.40381741523742678,"y":3.90790057182312,"z":-345.80560302734377},"rotation":{"x":-0.12744726240634919,"y":0.01547214575111866,"z":-0.001978113315999508,"w":-0.9917287230491638},"size":16.15975570678711,"orthographic":false}