{"cameraMode":{"drawMode":0,"name":"Shaded","section":"Shading Mode"},"sceneLighting":false,"audioPlay":false,"sceneViewState":{"showFog":true,"showMaterialUpdate":false,"showSkybox":false,"showFlares":true,"showImageEffects":true,"showParticleSystems":true},"in2DMode":false,"pivot":{"x":-0.8739634156227112,"y":-0.48034709692001345,"z":-63.86631393432617},"rotation":{"x":-0.067280113697052,"y":0.6888806819915772,"z":-0.0644586980342865,"w":-0.7188692092895508},"size":20.065441131591798,"orthographic":false}